<?xml version="1.0" encoding="UTF-8"?>
<geoBAG:gmlDi01 xmlns:StUF="http://www.egem.nl/StUF/StUF0301"
    xmlns:BG="http://www.egem.nl/StUF/sector/bg/0310"
    xmlns:gml="http://www.opengis.net/gml"
    xmlns:xlink="http://www.w3.org/1999/xlink"
    xmlns:sch="http://www.ascc.net/xml/schematron"
    xmlns:geoBAG="http://register.geostandaarden.nl/xmlschema/geobag/1.0"
    xmlns:smil20="http://www.w3.org/2001/SMIL20/"
    xmlns:xsi="http://www.w3.org/2001/XMLSchema-instance"
    xmlns:smil20lang="http://www.w3.org/2001/SMIL20/Language"
    xsi:schemaLocation="http://register.geostandaarden.nl/xmlschema/geobag/1.0 geoBAG0100_msg.xsd">
    <BG:stuurgegevens>
        <StUF:berichtcode>Di01</StUF:berichtcode>
        <StUF:zender>
            <StUF:organisatie>Geonovum</StUF:organisatie>
            <StUF:applicatie>GeoBAG berichten generator</StUF:applicatie>
            <StUF:administratie>Geo</StUF:administratie>
        </StUF:zender>
        <StUF:ontvanger>
            <StUF:organisatie>%organisatie%</StUF:organisatie>
            <StUF:applicatie>%applicatie%</StUF:applicatie>
            <StUF:administratie>%administratie%</StUF:administratie>
        </StUF:ontvanger>
        <StUF:referentienummer>00000393</StUF:referentienummer>		
        <StUF:tijdstipBericht>20171204135337</StUF:tijdstipBericht>
        <!--StUF:crossRefnummer-->
        <StUF:functie>levering</StUF:functie>
    </BG:stuurgegevens>
    <BG:parameters>
        <BG:idLevering>51535a9c8059425884a1e7df03206096</BG:idLevering>
        <BG:idGerelateerdVerzoek>f4d866a77a994e2387cdb46b3fd09a8f</BG:idGerelateerdVerzoek>
        <BG:gebeurtenisCode codeSpace="http://www.geostandaarden.nl/geoBAG/def/1.0#Gebeurtenis">BAG-VG</BG:gebeurtenisCode>
    </BG:parameters>
    <BG:pand StUF:functie="entiteit" StUF:entiteittype="PND" StUF:sleutelVerzendend="0363100012216872">
        <BG:identificatie>0363100012216872</BG:identificatie>
        <BG:geometrie><gml:Polygon srsName="EPSG:28992"><gml:exterior><gml:LinearRing><gml:posList srsDimension="2">120379.751 486459.084 120383.289 486459.56 120382.226 486467.233 120378.715 486466.757 120379.751 486459.084</gml:posList></gml:LinearRing></gml:exterior></gml:Polygon></BG:geometrie>
        <BG:status>Pand in gebruik</BG:status>
        <BG:geconstateerd>N</BG:geconstateerd>
        <BG:brondocument StUF:metagegeven="true">
            <BG:identificatie>SE13003160_NB02OR</BG:identificatie>
            <BG:datum>20130312</BG:datum>
        </BG:brondocument>
        <StUF:tijdvakGeldigheid>
            <StUF:beginGeldigheid>20130312</StUF:beginGeldigheid>
            <StUF:eindGeldigheid StUF:noValue="geenWaarde" xsi:nil="true"></StUF:eindGeldigheid>
        </StUF:tijdvakGeldigheid>
    </BG:pand>
</geoBAG:gmlDi01>
