<?xml version="1.0" encoding="UTF-8"?>
<geoBAG:gmlDi01 xmlns:StUF="http://www.egem.nl/StUF/StUF0301"
    xmlns:BG="http://www.egem.nl/StUF/sector/bg/0310"
    xmlns:gml="http://www.opengis.net/gml"
    xmlns:xlink="http://www.w3.org/1999/xlink"
    xmlns:sch="http://www.ascc.net/xml/schematron"
    xmlns:geoBAG="http://register.geostandaarden.nl/xmlschema/geobag/1.0"
    xmlns:smil20="http://www.w3.org/2001/SMIL20/"
    xmlns:xsi="http://www.w3.org/2001/XMLSchema-instance"
    xmlns:smil20lang="http://www.w3.org/2001/SMIL20/Language"
    xsi:schemaLocation="http://register.geostandaarden.nl/xmlschema/geobag/1.0 geoBAG0100_msg.xsd">
    <BG:stuurgegevens>
        <StUF:berichtcode>Di01</StUF:berichtcode>
        <StUF:zender>
            <StUF:organisatie>Geonovum</StUF:organisatie>
            <StUF:applicatie>GeoBAG berichten generator</StUF:applicatie>
            <StUF:administratie>Geo</StUF:administratie>
        </StUF:zender>
        <StUF:ontvanger>
            <StUF:organisatie>%organisatie%</StUF:organisatie>
            <StUF:applicatie>%applicatie%</StUF:applicatie>
            <StUF:administratie>%administratie%</StUF:administratie>
        </StUF:ontvanger>
        <StUF:referentienummer>00000393</StUF:referentienummer>		
        <StUF:tijdstipBericht>20171204135433</StUF:tijdstipBericht>
        <!--StUF:crossRefnummer-->
        <StUF:functie>levering</StUF:functie>
    </BG:stuurgegevens>
    <BG:parameters>
        <BG:idLevering>b2a5cb75aaf34e98a32528b041c7ca1c</BG:idLevering>
        <BG:idGerelateerdVerzoek>97116affc25e45dfb92956a9b6b4b504</BG:idGerelateerdVerzoek>
        <BG:gebeurtenisCode codeSpace="http://www.geostandaarden.nl/geoBAG/def/1.0#Gebeurtenis">BGR-BSLSP</BG:gebeurtenisCode>
    </BG:parameters>
    <BG:standplaats StUF:functie="entiteit" StUF:entiteittype="TGO" StUF:sleutelVerzendend="0363030011957705">
        <BG:identificatie>0363030011957705</BG:identificatie>
        <BG:typering>Standplaats</BG:typering>
        <BG:adresAanduidingGrp>
            <BG:num.identificatie>0363200012076686</BG:num.identificatie>
            <BG:wpl.identificatie>3594</BG:wpl.identificatie>
            <BG:wpl.woonplaatsNaam>Amsterdam</BG:wpl.woonplaatsNaam>
            <BG:opr.identificatie>0363300000003839</BG:opr.identificatie>
            <BG:gor.openbareRuimteNaam>Nassaukade</BG:gor.openbareRuimteNaam>
            <BG:aoa.postcode>1054AE</BG:aoa.postcode>
            <BG:aoa.huisnummer>950</BG:aoa.huisnummer>
            <BG:aoa.huisletter StUF:noValue="geenWaarde" xsi:nil="true" />
                <BG:aoa.huisnummertoevoeging StUF:noValue="geenWaarde" xsi:nil="true" />
        </BG:adresAanduidingGrp>
        <BG:vlakGeometrie>
            <gml:Polygon srsName="EPSG:28992"><gml:exterior><gml:LinearRing><gml:posList srsDimension="2">120378.576 486399.043 120378.624 486399.054 120383.097 486399.768 120383.486 486399.832 120382.846 486403.853 120382.39 486403.789 120377.937 486403.075 120378.576 486399.043</gml:posList></gml:LinearRing></gml:exterior></gml:Polygon>
        </BG:vlakGeometrie>
        <BG:aot.status>Plaats aangewezen</BG:aot.status>
        <BG:aot.geconstateerd>N</BG:aot.geconstateerd>
        <BG:brondocument StUF:metagegeven="true">
            <BG:identificatie>SE13003139</BG:identificatie>
            <BG:datum>20130308</BG:datum>
        </BG:brondocument>
        <StUF:tijdvakGeldigheid>
            <StUF:beginGeldigheid>20130308</StUF:beginGeldigheid>
            <StUF:eindGeldigheid StUF:noValue="geenWaarde" xsi:nil="true"></StUF:eindGeldigheid>
        </StUF:tijdvakGeldigheid>
    </BG:standplaats>
</geoBAG:gmlDi01>
