<?xml version="1.0" encoding="UTF-8"?>
<geoBAG:gmlDi01 xmlns:StUF="http://www.egem.nl/StUF/StUF0301"
    xmlns:BG="http://www.egem.nl/StUF/sector/bg/0310"
    xmlns:gml="http://www.opengis.net/gml"
    xmlns:xlink="http://www.w3.org/1999/xlink"
    xmlns:sch="http://www.ascc.net/xml/schematron"
    xmlns:geoBAG="http://register.geostandaarden.nl/xmlschema/geobag/1.0"
    xmlns:smil20="http://www.w3.org/2001/SMIL20/"
    xmlns:xsi="http://www.w3.org/2001/XMLSchema-instance"
    xmlns:smil20lang="http://www.w3.org/2001/SMIL20/Language"
    xsi:schemaLocation="http://register.geostandaarden.nl/xmlschema/geobag/1.0 geoBAG0100_msg.xsd">
    <BG:stuurgegevens>
        <StUF:berichtcode>Di01</StUF:berichtcode>
        <StUF:zender>
            <StUF:organisatie>Geonovum</StUF:organisatie>
            <StUF:applicatie>GeoBAG berichten generator</StUF:applicatie>
            <StUF:administratie>Geo</StUF:administratie>
        </StUF:zender>
        <StUF:ontvanger>
            <StUF:organisatie>%organisatie%</StUF:organisatie>
            <StUF:applicatie>%applicatie%</StUF:applicatie>
            <StUF:administratie>%administratie%</StUF:administratie>
        </StUF:ontvanger>
        <StUF:referentienummer>00000401</StUF:referentienummer>		
        <StUF:tijdstipBericht>20171204140702</StUF:tijdstipBericht>
        <!--StUF:crossRefnummer-->
        <StUF:functie>levering</StUF:functie>
    </BG:stuurgegevens>
    <BG:parameters>
        <BG:idLevering>85e0a4dab48f4b3ba6d4a53fa3550109</BG:idLevering>
        <!--BG:idGerelateerdVerzoek-->
        <BG:gebeurtenisCode codeSpace="http://www.geostandaarden.nl/geoBAG/def/1.0#Gebeurtenis">GEO-COG</BG:gebeurtenisCode>
    </BG:parameters>
    <BG:pand StUF:functie="entiteit" StUF:entiteittype="PND" StUF:sleutelVerzendend="e826d67db4f3425585f72e3e6c3fd52f">
        <BG:identificatie StUF:noValue="geenWaarde" xsi:nil="true"></BG:identificatie>
        <BG:geometrie><gml:Polygon srsName="EPSG:28992"><gml:exterior><gml:LinearRing><gml:posList srsDimension="2">120359.874 486434.147 120379.874 486434.147 120379.874 486454.147 120359.874 486454.147 120359.874 486434.147</gml:posList></gml:LinearRing></gml:exterior></gml:Polygon></BG:geometrie>
        <BG:status StUF:noValue="geenWaarde" xsi:nil="true"></BG:status>
        <BG:geconstateerd StUF:noValue="geenWaarde" xsi:nil="true"></BG:geconstateerd>
        <BG:brondocument StUF:metagegeven="true">
            <BG:identificatie StUF:noValue="geenWaarde" xsi:nil="true"></BG:identificatie>
            <BG:datum StUF:noValue="geenWaarde" xsi:nil="true"></BG:datum>
        </BG:brondocument>
        <StUF:tijdvakGeldigheid>
            <StUF:beginGeldigheid StUF:noValue="geenWaarde" xsi:nil="true"></StUF:beginGeldigheid>
            <StUF:eindGeldigheid StUF:noValue="geenWaarde" xsi:nil="true"></StUF:eindGeldigheid>
        </StUF:tijdvakGeldigheid>
    </BG:pand>
</geoBAG:gmlDi01>
