<?xml version="1.0" encoding="UTF-8"?>
<geoBAG:gmlDi01 xmlns:StUF="http://www.egem.nl/StUF/StUF0301"
    xmlns:BG="http://www.egem.nl/StUF/sector/bg/0310"
    xmlns:gml="http://www.opengis.net/gml"
    xmlns:xlink="http://www.w3.org/1999/xlink"
    xmlns:sch="http://www.ascc.net/xml/schematron"
    xmlns:geoBAG="http://register.geostandaarden.nl/xmlschema/geobag/1.0"
    xmlns:smil20="http://www.w3.org/2001/SMIL20/"
    xmlns:xsi="http://www.w3.org/2001/XMLSchema-instance"
    xmlns:smil20lang="http://www.w3.org/2001/SMIL20/Language"
    xsi:schemaLocation="http://register.geostandaarden.nl/xmlschema/geobag/1.0 geoBAG0100_msg.xsd">
    <BG:stuurgegevens>
        <StUF:berichtcode>Di01</StUF:berichtcode>
        <StUF:zender>
            <StUF:organisatie>Geonovum</StUF:organisatie>
            <StUF:applicatie>GeoBAG berichten generator</StUF:applicatie>
            <StUF:administratie>Geo</StUF:administratie>
        </StUF:zender>
        <StUF:ontvanger>
            <StUF:organisatie>%organisatie%</StUF:organisatie>
            <StUF:applicatie>%applicatie%</StUF:applicatie>
            <StUF:administratie>%administratie%</StUF:administratie>
        </StUF:ontvanger>
        <StUF:referentienummer>00000401</StUF:referentienummer>		
        <StUF:tijdstipBericht>20171204140511</StUF:tijdstipBericht>
        <!--StUF:crossRefnummer-->
        <StUF:functie>levering</StUF:functie>
    </BG:stuurgegevens>
    <BG:parameters>
        <BG:idLevering>54d2e44020904701bf8a9c02d5adefab</BG:idLevering>
        <!--BG:idGerelateerdVerzoek-->
        <BG:gebeurtenisCode codeSpace="http://www.geostandaarden.nl/geoBAG/def/1.0#Gebeurtenis">GEO-COG</BG:gebeurtenisCode>
    </BG:parameters>
    <BG:verblijfsobject StUF:functie="entiteit" StUF:entiteittype="TGO" StUF:sleutelVerzendend="017430bdb02d48ebba2ac8c8d941010a">
        <BG:identificatie StUF:noValue="geenWaarde" xsi:nil="true"></BG:identificatie>
        <BG:typering>Verblijfsobject</BG:typering>
        <BG:adresAanduidingGrp>
            <BG:num.identificatie StUF:noValue="geenWaarde" xsi:nil="true"></BG:num.identificatie>
            <BG:wpl.identificatie StUF:noValue="geenWaarde" xsi:nil="true"></BG:wpl.identificatie>
            <BG:wpl.woonplaatsNaam StUF:noValue="geenWaarde" xsi:nil="true"></BG:wpl.woonplaatsNaam>
            <BG:opr.identificatie StUF:noValue="geenWaarde" xsi:nil="true"></BG:opr.identificatie>
            <BG:gor.openbareRuimteNaam StUF:noValue="geenWaarde" xsi:nil="true"></BG:gor.openbareRuimteNaam>
            <BG:aoa.postcode StUF:noValue="geenWaarde" xsi:nil="true"></BG:aoa.postcode>
            <BG:aoa.huisnummer StUF:noValue="geenWaarde" xsi:nil="true"></BG:aoa.huisnummer>
            <BG:aoa.huisletter StUF:noValue="geenWaarde" xsi:nil="true"></BG:aoa.huisletter>
            <BG:aoa.huisnummertoevoeging StUF:noValue="geenWaarde" xsi:nil="true"></BG:aoa.huisnummertoevoeging>
        </BG:adresAanduidingGrp>
        <BG:gbo.puntGeometrie>
            <gml:Point srsName="EPSG:28992"><gml:pos srsDimension="2">120368.123 486428.851</gml:pos></gml:Point>
        </BG:gbo.puntGeometrie>
        <BG:aot.status StUF:noValue="geenWaarde" xsi:nil="true"></BG:aot.status>
        <BG:aot.geconstateerd StUF:noValue="geenWaarde" xsi:nil="true"></BG:aot.geconstateerd>
        <BG:brondocument StUF:metagegeven="true">
            <BG:identificatie StUF:noValue="geenWaarde" xsi:nil="true"></BG:identificatie>
            <BG:datum StUF:noValue="geenWaarde" xsi:nil="true"></BG:datum>
        </BG:brondocument>
        <StUF:tijdvakGeldigheid>
            <StUF:beginGeldigheid StUF:noValue="geenWaarde" xsi:nil="true"></StUF:beginGeldigheid>
            <StUF:eindGeldigheid StUF:noValue="geenWaarde" xsi:nil="true"></StUF:eindGeldigheid>
        </StUF:tijdvakGeldigheid>
        <BG:vbo.maaktDeelUitVan StUF:entiteittype="VBOPND" StUF:noValue="geenWaarde" xsi:nil="true"></BG:vbo.maaktDeelUitVan>
    </BG:verblijfsobject>
</geoBAG:gmlDi01>
