<?xml version="1.0" encoding="UTF-8"?>
<geoBAG:foutDu01 xmlns:StUF="http://www.egem.nl/StUF/StUF0301"
    xmlns:BG="http://www.egem.nl/StUF/sector/bg/0310"
    xmlns:gml="http://www.opengis.net/gml"
    xmlns:xlink="http://www.w3.org/1999/xlink"
    xmlns:sch="http://www.ascc.net/xml/schematron"
    xmlns:geoBAG="http://register.geostandaarden.nl/xmlschema/geobag/1.1"
    xmlns:smil20="http://www.w3.org/2001/SMIL20/"
    xmlns:xsi="http://www.w3.org/2001/XMLSchema-instance"
    xmlns:smil20lang="http://www.w3.org/2001/SMIL20/Language"
    xsi:schemaLocation="http://register.geostandaarden.nl/xmlschema/geobag/1.1 geoBAG0101/geoBAG0101_msg.xsd">
    <BG:stuurgegevens>
        <StUF:berichtcode>Du01</StUF:berichtcode>
        <StUF:zender>
            <StUF:organisatie>Geonovum</StUF:organisatie>
            <StUF:applicatie>GeoBAG berichten generator</StUF:applicatie>
            <StUF:administratie>Geo</StUF:administratie>
        </StUF:zender>
        <StUF:ontvanger>
            <StUF:organisatie>%organisatie%</StUF:organisatie>
            <StUF:applicatie>%applicatie%</StUF:applicatie>
            <StUF:administratie>%administratie%</StUF:administratie>
        </StUF:ontvanger>
        <StUF:referentienummer>00000377</StUF:referentienummer>		
        <StUF:tijdstipBericht>20181115123456</StUF:tijdstipBericht>
        <StUF:crossRefnummer>00000372</StUF:crossRefnummer>
        <StUF:functie>afkeuring</StUF:functie>
    </BG:stuurgegevens>
    <BG:parameters>
        <BG:identificatie>29418fff6eea4e798134c142875e85d0</BG:identificatie>
        <BG:foutcode>GB030</BG:foutcode>
        <BG:foutomschrijving>geometrieVerzoek is afgekeurd;</BG:foutomschrijving>
        <BG:plek>client</BG:plek>
        <BG:details>Ligplaats in verzoek is afgekeurd</BG:details>	
    </BG:parameters>
    <BG:ligplaats StUF:functie="entiteit" StUF:entiteittype="TGO" StUF:sleutelVerzendend="0363020001023820">
        <BG:identificatie>0363020001023820</BG:identificatie>
        <BG:versie>1</BG:versie>
        <BG:typering>Ligplaats</BG:typering>
    </BG:ligplaats>
</geoBAG:foutDu01>


