<?xml version="1.0" encoding="UTF-8"?>
<geoBAG:bevestigingDu01 xmlns:StUF="http://www.egem.nl/StUF/StUF0301"
    xmlns:BG="http://www.egem.nl/StUF/sector/bg/0310"
    xmlns:gml="http://www.opengis.net/gml"
    xmlns:xlink="http://www.w3.org/1999/xlink"
    xmlns:sch="http://www.ascc.net/xml/schematron"
    xmlns:geoBAG="http://register.geostandaarden.nl/xmlschema/geobag/1.1"
    xmlns:smil20="http://www.w3.org/2001/SMIL20/"
    xmlns:xsi="http://www.w3.org/2001/XMLSchema-instance"
    xmlns:smil20lang="http://www.w3.org/2001/SMIL20/Language"
    xsi:schemaLocation="http://register.geostandaarden.nl/xmlschema/geobag/1.1 geoBAG0101/geoBAG0101_msg.xsd">
    <BG:stuurgegevens>
        <StUF:berichtcode>Du01</StUF:berichtcode>
        <StUF:zender>
            <StUF:organisatie>Geonovum</StUF:organisatie>
            <StUF:applicatie>GeoBAG berichten generator</StUF:applicatie>
            <StUF:administratie>Geo</StUF:administratie>
        </StUF:zender>
        <StUF:ontvanger>
            <StUF:organisatie>%organisatie%</StUF:organisatie>
            <StUF:applicatie>%applicatie%</StUF:applicatie>
            <StUF:administratie>%administratie%</StUF:administratie>
        </StUF:ontvanger>
        <StUF:referentienummer>00000401</StUF:referentienummer>		
        <StUF:tijdstipBericht>20181115123456</StUF:tijdstipBericht>
        <StUF:crossRefnummer>00000401</StUF:crossRefnummer>
        <StUF:functie>goedkeuring</StUF:functie>
    </BG:stuurgegevens>
    <BG:parameters>
        <BG:identificatie>5e476d932b1f455aa8898831e117d428</BG:identificatie>
    </BG:parameters>
    <BG:ligplaats StUF:functie="entiteit" StUF:entiteittype="TGO" StUF:sleutelVerzendend="c86f7c36959d41bcb2fc2bda435521df">
        <BG:identificatie StUF:noValue="geenWaarde" xsi:nil="true"></BG:identificatie>
        <BG:versie StUF:noValue="geenWaarde" xsi:nil="true" ></BG:versie>
        <BG:typering>Ligplaats</BG:typering>
    </BG:ligplaats>
</geoBAG:bevestigingDu01>
