<?xml version="1.0" encoding="UTF-8"?>
<geoBAG:gmvDi01 xmlns:StUF="http://www.egem.nl/StUF/StUF0301"
    xmlns:BG="http://www.egem.nl/StUF/sector/bg/0310"
    xmlns:gml="http://www.opengis.net/gml"
    xmlns:xlink="http://www.w3.org/1999/xlink"
    xmlns:sch="http://www.ascc.net/xml/schematron"
    xmlns:geoBAG="http://register.geostandaarden.nl/xmlschema/geobag/1.1"
    xmlns:smil20="http://www.w3.org/2001/SMIL20/"
    xmlns:xsi="http://www.w3.org/2001/XMLSchema-instance"
    xmlns:smil20lang="http://www.w3.org/2001/SMIL20/Language"
    xsi:schemaLocation="http://register.geostandaarden.nl/xmlschema/geobag/1.1 geoBAG0101/geoBAG0101_msg.xsd">
    <BG:stuurgegevens>
        <StUF:berichtcode>Di01</StUF:berichtcode>
        <StUF:zender>
            <StUF:organisatie>Geonovum</StUF:organisatie>
            <StUF:applicatie>GeoBAG berichten generator</StUF:applicatie>
            <StUF:administratie>Geo</StUF:administratie>
        </StUF:zender>
        <StUF:ontvanger>
            <StUF:organisatie>%organisatie%</StUF:organisatie>
            <StUF:applicatie>%applicatie%</StUF:applicatie>
            <StUF:administratie>%administratie%</StUF:administratie>
        </StUF:ontvanger>
        <StUF:referentienummer>00000389</StUF:referentienummer>		
        <StUF:tijdstipBericht>20181115123456</StUF:tijdstipBericht>
        <!--StUF:crossRefnummer-->
        <StUF:functie>verzoek</StUF:functie>
    </BG:stuurgegevens>
    <BG:parameters>
        <BG:idVerzoek>898313020f0042b798c0a761087ab2fb</BG:idVerzoek>
        <BG:gebeurtenisCode codeSpace="http://www.geostandaarden.nl/geoBAG/def/1.0#Gebeurtenis">BGR-SSVSAMEN</BG:gebeurtenisCode>	
    </BG:parameters>
    <BG:verblijfsobject StUF:functie="entiteit" StUF:entiteittype="TGO" StUF:sleutelVerzendend="0363010012070312">
        <BG:identificatie>0363010012070312</BG:identificatie>
        <BG:versie>1</BG:versie>
        <BG:typering>Verblijfsobject</BG:typering>
        <BG:adresAanduidingGrp>
            <BG:num.identificatie>0363200012070560</BG:num.identificatie>
            <BG:wpl.identificatie>3594</BG:wpl.identificatie>
            <BG:wpl.woonplaatsNaam>Amsterdam</BG:wpl.woonplaatsNaam>
            <BG:opr.identificatie>0363300000003839</BG:opr.identificatie>
            <BG:gor.openbareRuimteNaam>Nassaukade</BG:gor.openbareRuimteNaam>
            <BG:aoa.postcode>1054AC</BG:aoa.postcode>
            <BG:aoa.huisnummer>377</BG:aoa.huisnummer>
            <BG:aoa.huisletter StUF:noValue="geenWaarde" xsi:nil="true" ></BG:aoa.huisletter>
                <BG:aoa.huisnummertoevoeging StUF:noValue="geenWaarde" xsi:nil="true" ></BG:aoa.huisnummertoevoeging>
        </BG:adresAanduidingGrp>
        <BG:gbo.puntGeometrie>
            <gml:Point srsName="EPSG:28992"><gml:pos srsDimension="2">120346.728 486481.014</gml:pos></gml:Point>
        </BG:gbo.puntGeometrie>
        <BG:aot.status>Verblijfsobject in gebruik (niet ingemeten)</BG:aot.status>
        <BG:aot.geconstateerd>N</BG:aot.geconstateerd>
        <BG:brondocument StUF:metagegeven="true">
            <BG:identificatie>SE00201301_OV00ML_plus_extra_karakters</BG:identificatie>
            <BG:datum>20140324</BG:datum>
        </BG:brondocument>
        <StUF:tijdvakGeldigheid>
            <StUF:beginGeldigheid>20140324</StUF:beginGeldigheid>
            <StUF:eindGeldigheid StUF:noValue="geenWaarde" xsi:nil="true"></StUF:eindGeldigheid>
        </StUF:tijdvakGeldigheid>
        <BG:vbo.maaktDeelUitVan StUF:entiteittype="VBOPND">
            <BG:gerelateerde StUF:entiteittype="PND" StUF:sleutelVerzendend="0363100012165188">
                <BG:identificatie>0363100012165188</BG:identificatie>
                <BG:versie>1</BG:versie>
            </BG:gerelateerde>
        </BG:vbo.maaktDeelUitVan>
    </BG:verblijfsobject>
</geoBAG:gmvDi01>
