<?xml version="1.0" encoding="UTF-8"?>
<geoBAG:gmvDi01 xmlns:StUF="http://www.egem.nl/StUF/StUF0301"
    xmlns:BG="http://www.egem.nl/StUF/sector/bg/0310"
    xmlns:gml="http://www.opengis.net/gml"
    xmlns:xlink="http://www.w3.org/1999/xlink"
    xmlns:sch="http://www.ascc.net/xml/schematron"
    xmlns:geoBAG="http://register.geostandaarden.nl/xmlschema/geobag/1.1"
    xmlns:smil20="http://www.w3.org/2001/SMIL20/"
    xmlns:xsi="http://www.w3.org/2001/XMLSchema-instance"
    xmlns:smil20lang="http://www.w3.org/2001/SMIL20/Language"
    xsi:schemaLocation="http://register.geostandaarden.nl/xmlschema/geobag/1.1 geoBAG0101/geoBAG0101_msg.xsd">
    <BG:stuurgegevens>
        <StUF:berichtcode>Di01</StUF:berichtcode>
        <StUF:zender>
            <StUF:organisatie>Geonovum</StUF:organisatie>
            <StUF:applicatie>GeoBAG berichten generator</StUF:applicatie>
            <StUF:administratie>Geo</StUF:administratie>
        </StUF:zender>
        <StUF:ontvanger>
            <StUF:organisatie>%organisatie%</StUF:organisatie>
            <StUF:applicatie>%applicatie%</StUF:applicatie>
            <StUF:administratie>%administratie%</StUF:administratie>
        </StUF:ontvanger>
        <StUF:referentienummer>00000371</StUF:referentienummer>		
        <StUF:tijdstipBericht>20181115123456</StUF:tijdstipBericht>
        <!--StUF:crossRefnummer-->
        <StUF:functie>verzoek</StUF:functie>
    </BG:stuurgegevens>
    <BG:parameters>
        <BG:idVerzoek>97116affc25e45dfb92956a9b6b4b504</BG:idVerzoek>
        <BG:gebeurtenisCode codeSpace="http://www.geostandaarden.nl/geoBAG/def/1.0#Gebeurtenis">BGR-BSLSP</BG:gebeurtenisCode>	
    </BG:parameters>
    <BG:standplaats StUF:functie="entiteit" StUF:entiteittype="TGO" StUF:sleutelVerzendend="0363030011957705">
        <BG:identificatie>0363030011957705</BG:identificatie>
        <BG:versie>1</BG:versie>
        <BG:typering>Standplaats</BG:typering>
        <BG:adresAanduidingGrp>
            <BG:num.identificatie>0363200012076686</BG:num.identificatie>
            <BG:wpl.identificatie>3594</BG:wpl.identificatie>
            <BG:wpl.woonplaatsNaam>Amsterdam</BG:wpl.woonplaatsNaam>
            <BG:opr.identificatie>0363300000003839</BG:opr.identificatie>
            <BG:gor.openbareRuimteNaam>Nassaukade</BG:gor.openbareRuimteNaam>
            <BG:aoa.postcode>1054AE</BG:aoa.postcode>
            <BG:aoa.huisnummer>950</BG:aoa.huisnummer>
            <BG:aoa.huisletter StUF:noValue="geenWaarde" xsi:nil="true"></BG:aoa.huisletter>
            <BG:aoa.huisnummertoevoeging StUF:noValue="geenWaarde" xsi:nil="true" ></BG:aoa.huisnummertoevoeging>
        </BG:adresAanduidingGrp>
        <BG:vlakGeometrie>
            <gml:Polygon srsName="EPSG:28992"><gml:exterior><gml:LinearRing><gml:posList srsDimension="2">120382.846 486403.863 120382.798 486403.852 120378.325 486403.138 120377.936 486403.074 120378.575 486399.053 120379.032 486399.117 120383.485 486399.831 120382.846 486403.863</gml:posList></gml:LinearRing></gml:exterior></gml:Polygon>
        </BG:vlakGeometrie>
        <BG:aot.status>Plaats aangewezen</BG:aot.status>
        <BG:aot.geconstateerd>N</BG:aot.geconstateerd>
        <BG:brondocument StUF:metagegeven="true">
            <BG:identificatie>SE13003139_plus_extra_karakters</BG:identificatie>
            <BG:datum>20130308</BG:datum>
        </BG:brondocument>
        <StUF:tijdvakGeldigheid>
            <StUF:beginGeldigheid>20130308</StUF:beginGeldigheid>
            <StUF:eindGeldigheid StUF:noValue="geenWaarde" xsi:nil="true"></StUF:eindGeldigheid>
        </StUF:tijdvakGeldigheid>
    </BG:standplaats>
</geoBAG:gmvDi01>


