<?xml version="1.0" encoding="UTF-8"?>
<geoBAG:foutDu01 xmlns:StUF="http://www.egem.nl/StUF/StUF0301"
    xmlns:BG="http://www.egem.nl/StUF/sector/bg/0310"
    xmlns:gml="http://www.opengis.net/gml"
    xmlns:xlink="http://www.w3.org/1999/xlink"
    xmlns:sch="http://www.ascc.net/xml/schematron"
    xmlns:geoBAG="http://register.geostandaarden.nl/xmlschema/geobag/1.1"
    xmlns:smil20="http://www.w3.org/2001/SMIL20/"
    xmlns:xsi="http://www.w3.org/2001/XMLSchema-instance"
    xmlns:smil20lang="http://www.w3.org/2001/SMIL20/Language"
    xsi:schemaLocation="http://register.geostandaarden.nl/xmlschema/geobag/1.1 geoBAG0101/geoBAG0101_msg.xsd">
    <BG:stuurgegevens>
        <StUF:berichtcode>Du01</StUF:berichtcode>
        <StUF:zender>
            <StUF:organisatie>Geonovum</StUF:organisatie>
            <StUF:applicatie>GeoBAG berichten generator</StUF:applicatie>
            <StUF:administratie>Geo</StUF:administratie>
        </StUF:zender>
        <StUF:ontvanger>
            <StUF:organisatie>%organisatie%</StUF:organisatie>
            <StUF:applicatie>%applicatie%</StUF:applicatie>
            <StUF:administratie>%administratie%</StUF:administratie>
        </StUF:ontvanger>
        <StUF:referentienummer>00000388</StUF:referentienummer>		
        <StUF:tijdstipBericht>20181115123456</StUF:tijdstipBericht>
        <StUF:crossRefnummer>00000371</StUF:crossRefnummer>
        <StUF:functie>afkeuring</StUF:functie>
    </BG:stuurgegevens>
    <BG:parameters>
        <BG:identificatie>97116affc25e45dfb92956a9b6b4b504</BG:identificatie>
        <BG:foutcode>GB030</BG:foutcode>
        <BG:foutomschrijving>geometrieVerzoek is afgekeurd;</BG:foutomschrijving>
        <BG:plek>client</BG:plek>
        <BG:details>Standplaats in verzoek is afgekeurd</BG:details>	
    </BG:parameters>
    <BG:standplaats StUF:functie="entiteit" StUF:entiteittype="TGO" StUF:sleutelOntvangend="0363030011957705">
        <BG:identificatie>0363030011957705</BG:identificatie>
        <BG:versie>1</BG:versie>
        <BG:typering>Standplaats</BG:typering>
    </BG:standplaats>
</geoBAG:foutDu01>
