<BG:bagCOR_Lk03 xmlns:StUF="http://www.egem.nl/StUF/StUF0301" xmlns:xlink="http://www.w3.org/1999/xlink" xmlns:xsi="http://www.w3.org/2001/XMLSchema-instance" xmlns:BG="http://www.egem.nl/StUF/sector/bg/0310" xmlns:gml="http://www.opengis.net/gml">
	<BG:stuurgegevens>
		<StUF:berichtcode>Lk03</StUF:berichtcode>
		<StUF:zender>
			<StUF:organisatie>5700</StUF:organisatie>
			<StUF:applicatie>UDS BAG</StUF:applicatie>
			<StUF:administratie>prod</StUF:administratie>
			<StUF:gebruiker/>
		</StUF:zender>
		<StUF:ontvanger>
			<StUF:organisatie>5700</StUF:organisatie>
			<StUF:applicatie>GT-WOZ</StUF:applicatie>
			<StUF:administratie>prod</StUF:administratie>
			<StUF:gebruiker/>
		</StUF:ontvanger>
		<StUF:referentienummer>00ktA6T9cHPO</StUF:referentienummer>
		<StUF:tijdstipBericht>20120611155727916</StUF:tijdstipBericht>
		<StUF:functie>bagCOR</StUF:functie>
	</BG:stuurgegevens>
	<BG:aoaLk01>
		<BG:stuurgegevens>
			<StUF:berichtcode>Lk01</StUF:berichtcode>
			<StUF:zender>
				<StUF:organisatie>5700</StUF:organisatie>
				<StUF:applicatie>UDS BAG</StUF:applicatie>
				<StUF:administratie>prod</StUF:administratie>
				<StUF:gebruiker/>
			</StUF:zender>
			<StUF:ontvanger>
				<StUF:organisatie>5700</StUF:organisatie>
				<StUF:applicatie>GT-WOZ</StUF:applicatie>
				<StUF:administratie>prod</StUF:administratie>
				<StUF:gebruiker/>
			</StUF:ontvanger>
			<StUF:referentienummer>00ktA6SRF68G</StUF:referentienummer>
			<StUF:tijdstipBericht>20120611155602510</StUF:tijdstipBericht>
			<StUF:entiteittype>AOA</StUF:entiteittype>
		</BG:stuurgegevens>
		<BG:parameters>
			<StUF:mutatiesoort>F</StUF:mutatiesoort>
			<StUF:indicatorOvername>V</StUF:indicatorOvername>
		</BG:parameters>
		<BG:object StUF:entiteittype="AOA" StUF:verwerkingssoort="W">
			<BG:identificatie>5700020000072600</BG:identificatie>
			<BG:authentiek StUF:metagegeven="true">J</BG:authentiek>
			<BG:typering>Nummeraanduiding</BG:typering>
			<BG:wpl.identificatie>0800</BG:wpl.identificatie>
			<BG:wpl.woonplaatsNaam>Het Dorp</BG:wpl.woonplaatsNaam>
			<BG:wpl.woonplaatsNaamNen/>
			<BG:opr.identificatie>5700300000000103</BG:opr.identificatie>
			<BG:gor.openbareRuimteNaam>Paardenbloemlaan</BG:gor.openbareRuimteNaam>
			<BG:huisnummer>4</BG:huisnummer>
			<BG:huisletter>C</BG:huisletter>
			<BG:huisnummertoevoeging/>
			<BG:postcode>1954AH</BG:postcode>
			<BG:gor.straatnaam/>
			<BG:woonplaatsWaarinGelegen>
				<BG:wpl.identificatie>0800</BG:wpl.identificatie>
			</BG:woonplaatsWaarinGelegen>
			<BG:num.indicatieHoofdadres>false</BG:num.indicatieHoofdadres>
			<BG:num.status>Naamgeving uitgegeven</BG:num.status>
			<BG:num.geconstateerd>J</BG:num.geconstateerd>
			<BG:bronDocument StUF:metagegeven="true" groepsnaam="BRA-gegevens">
				<BG:identificatie>5700010000234794</BG:identificatie>
				<BG:datum>20080509</BG:datum>
			</BG:bronDocument>
			<BG:ingangsdatumObject>20040815</BG:ingangsdatumObject>
			<BG:einddatumObject>20060825</BG:einddatumObject>
			<StUF:tijdvakGeldigheid>
				<StUF:beginGeldigheid>20060331</StUF:beginGeldigheid>
				<StUF:eindGeldigheid>20060331</StUF:eindGeldigheid>
			</StUF:tijdvakGeldigheid>
			<StUF:extraElementen>
				<StUF:extraElement naam="begindatumTijdvakGeldigheidBAG">20060331</StUF:extraElement>
			</StUF:extraElementen>
			<BG:isVan StUF:verwerkingssoort="W" StUF:entiteittype="AOATGO">
				<BG:gerelateerde StUF:verwerkingssoort="W" StUF:entiteittype="TGO">
					<BG:identificatie>5700010000236892</BG:identificatie>
					<BG:authentiek StUF:metagegeven="true">J</BG:authentiek>
					<BG:typering>Adresseerbaar objecttype</BG:typering>
					<BG:adresAanduidingGrp>
						<BG:num.identificatie>5700200000012361</BG:num.identificatie>
						<BG:authentiek StUF:metagegeven="true">J</BG:authentiek>
						<BG:wpl.woonplaatsNaam>Het Dorp</BG:wpl.woonplaatsNaam>
						<BG:gor.openbareRuimteNaam>Rozenstraat</BG:gor.openbareRuimteNaam>
						<BG:aoa.postcode>1954RR</BG:aoa.postcode>
						<BG:aoa.huisnummer>101</BG:aoa.huisnummer>
						<BG:aoa.huisletter>A</BG:aoa.huisletter>
						<BG:aoa.huisnummertoevoeging/>
						<BG:ogo.locatieAanduiding/>
					</BG:adresAanduidingGrp>
				</BG:gerelateerde>
				<BG:inOnderzoek StUF:metagegeven="true">J</BG:inOnderzoek>
				<BG:brondocument StUF:metagegeven="true" groepsnaam="BGR-gegevens">
					<BG:identificatie>5700200000012601</BG:identificatie>
					<BG:datum>20110701</BG:datum>
				</BG:brondocument>
				<StUF:tijdstipRegistratie>20111116161810</StUF:tijdstipRegistratie>
			</BG:isVan>
		</BG:object>
		<BG:object StUF:entiteittype="AOA" StUF:verwerkingssoort="W">
			<BG:identificatie>5700300000001883</BG:identificatie>
			<BG:authentiek StUF:metagegeven="true">J</BG:authentiek>
			<BG:typering>Nummeraanduiding</BG:typering>
			<BG:wpl.identificatie>0800</BG:wpl.identificatie>
			<BG:wpl.woonplaatsNaam>Het Nieuwe Dorp</BG:wpl.woonplaatsNaam>
			<BG:wpl.woonplaatsNaamNen/>
			<BG:opr.identificatie>5700300000001884</BG:opr.identificatie>
			<BG:gor.openbareRuimteNaam>Crocussenlaan</BG:gor.openbareRuimteNaam>
			<BG:huisnummer>42</BG:huisnummer>
			<BG:huisletter>D</BG:huisletter>
			<BG:huisnummertoevoeging/>
			<BG:postcode>1954ML</BG:postcode>
			<BG:gor.straatnaam/>
			<BG:woonplaatsWaarinGelegen>
				<BG:wpl.identificatie>0800</BG:wpl.identificatie>
			</BG:woonplaatsWaarinGelegen>
			<BG:num.indicatieHoofdadres>false</BG:num.indicatieHoofdadres>
			<BG:num.status>Naamgeving uitgegeven</BG:num.status>
			<BG:num.geconstateerd>J</BG:num.geconstateerd>
			<BG:bronDocument StUF:metagegeven="true" groepsnaam="BRA-gegevens">
				<BG:identificatie>5700300000000095</BG:identificatie>
				<BG:datum>20060125</BG:datum>
			</BG:bronDocument>
			<BG:ingangsdatumObject>20040815</BG:ingangsdatumObject>
			<BG:einddatumObject>20060825</BG:einddatumObject>
			<StUF:tijdvakGeldigheid>
				<StUF:beginGeldigheid>20060331</StUF:beginGeldigheid>
				<StUF:eindGeldigheid StUF:noValue="geenWaarde" xsi:nil="true"/>
			</StUF:tijdvakGeldigheid>
			<StUF:extraElementen>
				<StUF:extraElement naam="begindatumTijdvakGeldigheidBAG">20060331</StUF:extraElement>
			</StUF:extraElementen>
			<BG:isVan StUF:verwerkingssoort="W" StUF:entiteittype="AOATGO">
				<BG:gerelateerde StUF:verwerkingssoort="W" StUF:entiteittype="TGO">
					<BG:identificatie>5700200000012927</BG:identificatie>
					<BG:authentiek StUF:metagegeven="true">J</BG:authentiek>
					<BG:typering>Adresseerbaar objecttype</BG:typering>
					<BG:adresAanduidingGrp>
						<BG:num.identificatie>5700200000012359</BG:num.identificatie>
						<BG:authentiek StUF:metagegeven="true">J</BG:authentiek>
						<BG:wpl.woonplaatsNaam>Het Nieuwe Dorp</BG:wpl.woonplaatsNaam>
						<BG:gor.openbareRuimteNaam>Hyacintenlaan</BG:gor.openbareRuimteNaam>
						<BG:aoa.postcode>1954AH</BG:aoa.postcode>
						<BG:aoa.huisnummer>4</BG:aoa.huisnummer>
						<BG:aoa.huisletter>C</BG:aoa.huisletter>
						<BG:aoa.huisnummertoevoeging/>
						<BG:ogo.locatieAanduiding/>
					</BG:adresAanduidingGrp>
				</BG:gerelateerde>
				<BG:inOnderzoek StUF:metagegeven="true">J</BG:inOnderzoek>
				<BG:brondocument StUF:metagegeven="true" groepsnaam="BGR-gegevens">
					<BG:identificatie>5700300000000097</BG:identificatie>
					<BG:datum>20071019</BG:datum>
				</BG:brondocument>
				<StUF:tijdstipRegistratie>20120501111550</StUF:tijdstipRegistratie>
			</BG:isVan>
		</BG:object>
	</BG:aoaLk01>
</BG:bagCOR_Lk03>
