<BG:bagFGO_Lk03 xmlns:StUF="http://www.egem.nl/StUF/StUF0301" xmlns:xlink="http://www.w3.org/1999/xlink" xmlns:xsi="http://www.w3.org/2001/XMLSchema-instance" xmlns:BG="http://www.egem.nl/StUF/sector/bg/0310" xmlns:gml="http://www.opengis.net/gml">
	<BG:stuurgegevens>
		<StUF:berichtcode>Lk03</StUF:berichtcode>
		<StUF:zender>
			<StUF:organisatie>5700</StUF:organisatie>
			<StUF:applicatie>UDS BAG</StUF:applicatie>
			<StUF:administratie>prod</StUF:administratie>
			<StUF:gebruiker/>
		</StUF:zender>
		<StUF:ontvanger>
			<StUF:organisatie>5700</StUF:organisatie>
			<StUF:applicatie>GT-WOZ</StUF:applicatie>
			<StUF:administratie>prod</StUF:administratie>
			<StUF:gebruiker/>
		</StUF:ontvanger>
		<StUF:referentienummer>00ktA6TTME23</StUF:referentienummer>
		<StUF:tijdstipBericht>20120611155624034</StUF:tijdstipBericht>
		<StUF:functie>bagFGO</StUF:functie>
	</BG:stuurgegevens>
	<BG:aoaLk01>
		<BG:stuurgegevens>
			<StUF:berichtcode>Lk01</StUF:berichtcode>
			<StUF:zender>
				<StUF:organisatie>5700</StUF:organisatie>
				<StUF:applicatie>GT-WOZ</StUF:applicatie>
				<StUF:administratie>prod</StUF:administratie>
				<StUF:gebruiker/>
			</StUF:zender>
			<StUF:ontvanger>
				<StUF:organisatie>5700</StUF:organisatie>
				<StUF:applicatie>UDS BAG</StUF:applicatie>
				<StUF:administratie>prod</StUF:administratie>
				<StUF:gebruiker/>
			</StUF:ontvanger>
			<StUF:referentienummer>00ktA6OfP3N9</StUF:referentienummer>
			<StUF:tijdstipBericht>20120611155733172</StUF:tijdstipBericht>
			<StUF:entiteittype>AOA</StUF:entiteittype>
		</BG:stuurgegevens>
		<BG:parameters>
			<StUF:mutatiesoort>W</StUF:mutatiesoort>
			<StUF:indicatorOvername>V</StUF:indicatorOvername>
		</BG:parameters>
		<BG:object StUF:entiteittype="AOA" StUF:verwerkingssoort="W">
			<BG:identificatie>5700010000236890</BG:identificatie>
			<BG:authentiek StUF:metagegeven="true">J</BG:authentiek>
			<BG:typering>Nummeraanduiding</BG:typering>
			<BG:wpl.identificatie>0800</BG:wpl.identificatie>
			<BG:wpl.woonplaatsNaam>Het Dorp</BG:wpl.woonplaatsNaam>
			<BG:wpl.woonplaatsNaamNen/>
			<BG:opr.identificatie>5700300000000103</BG:opr.identificatie>
			<BG:gor.openbareRuimteNaam>Narcissenlaan</BG:gor.openbareRuimteNaam>
			<BG:huisnummer>2</BG:huisnummer>
			<BG:huisletter>A</BG:huisletter>
			<BG:huisnummertoevoeging/>
			<BG:postcode>1954AH</BG:postcode>
			<BG:num.geconstateerd>J</BG:num.geconstateerd>
			<BG:bronDocument StUF:metagegeven="true" groepsnaam="BRA-gegevens">
				<BG:identificatie>5700010000236892</BG:identificatie>
				<BG:datum>20051019</BG:datum>
			</BG:bronDocument>
			<StUF:tijdvakGeldigheid>
				<StUF:beginGeldigheid>20060331</StUF:beginGeldigheid>
				<StUF:eindGeldigheid>20060331</StUF:eindGeldigheid>
			</StUF:tijdvakGeldigheid>
			<StUF:extraElementen>
				<StUF:extraElement naam="begindatumTijdvakGeldigheidBAG">20060331</StUF:extraElement>
			</StUF:extraElementen>
		</BG:object>
		<BG:object StUF:entiteittype="AOA" StUF:verwerkingssoort="W">
			<BG:identificatie>5700100000000697</BG:identificatie>
			<BG:authentiek StUF:metagegeven="true">J</BG:authentiek>
			<BG:typering>Nummeraanduiding</BG:typering>
			<BG:wpl.identificatie>0800</BG:wpl.identificatie>
			<BG:wpl.woonplaatsNaam>Het Dorp</BG:wpl.woonplaatsNaam>
			<BG:wpl.woonplaatsNaamNen/>
			<BG:opr.identificatie>5700300000000096</BG:opr.identificatie>
			<BG:gor.openbareRuimteNaam>Rozenstraat</BG:gor.openbareRuimteNaam>
			<BG:huisnummer>30</BG:huisnummer>
			<BG:huisletter>C</BG:huisletter>
			<BG:huisnummertoevoeging/>
			<BG:postcode>1954AM</BG:postcode>
			<BG:num.geconstateerd>J</BG:num.geconstateerd>
			<BG:bronDocument StUF:metagegeven="true" groepsnaam="BRA-gegevens">
				<BG:identificatie>5700010000236520</BG:identificatie>
				<BG:datum>20060131</BG:datum>
			</BG:bronDocument>
			<StUF:tijdvakGeldigheid>
				<StUF:beginGeldigheid>20060331</StUF:beginGeldigheid>
				<StUF:eindGeldigheid StUF:noValue="geenWaarde" xsi:nil="true"/>
			</StUF:tijdvakGeldigheid>
			<StUF:extraElementen>
				<StUF:extraElement naam="begindatumTijdvakGeldigheidBAG">20060331</StUF:extraElement>
			</StUF:extraElementen>
		</BG:object>
	</BG:aoaLk01>
</BG:bagFGO_Lk03>
