<?xml version="1.0" encoding="UTF-8"?>
<BG:bgrSSVSPLITS_Lk03 xmlns:StUF="http://www.egem.nl/StUF/StUF0301" xmlns:xlink="http://www.w3.org/1999/xlink" xmlns:xsi="http://www.w3.org/2001/XMLSchema-instance" xmlns:BG="http://www.egem.nl/StUF/sector/bg/0310" xmlns:gml="http://www.opengis.net/gml">
	<BG:stuurgegevens>
		<StUF:berichtcode>Lk03</StUF:berichtcode>
		<StUF:zender>
			<StUF:organisatie>5700</StUF:organisatie>
			<StUF:applicatie>UDS BAG</StUF:applicatie>
			<StUF:administratie>prod</StUF:administratie>
			<StUF:gebruiker/>
		</StUF:zender>
		<StUF:ontvanger>
			<StUF:organisatie>5700</StUF:organisatie>
			<StUF:applicatie>UDS BAG</StUF:applicatie>
			<StUF:administratie>prod</StUF:administratie>
			<StUF:gebruiker/>
		</StUF:ontvanger>
		<StUF:referentienummer>00ktA6Ofaq9l</StUF:referentienummer>
		<StUF:tijdstipBericht>20120611155709404</StUF:tijdstipBericht>
		<StUF:functie>bgrSSVSPLITS</StUF:functie>
	</BG:stuurgegevens>
	<BG:aoaLk01-toevoegen>
		<BG:stuurgegevens>
			<StUF:berichtcode>Lk01</StUF:berichtcode>
			<StUF:zender>
				<StUF:organisatie>5700</StUF:organisatie>
				<StUF:applicatie>GT-WOZ</StUF:applicatie>
				<StUF:administratie>prod</StUF:administratie>
				<StUF:gebruiker/>
			</StUF:zender>
			<StUF:ontvanger>
				<StUF:organisatie>5700</StUF:organisatie>
				<StUF:applicatie>GT-WOZ</StUF:applicatie>
				<StUF:administratie>prod</StUF:administratie>
				<StUF:gebruiker/>
			</StUF:ontvanger>
			<StUF:referentienummer>00ktA6SOAWxh</StUF:referentienummer>
			<StUF:tijdstipBericht>20120611155054120</StUF:tijdstipBericht>
			<StUF:entiteittype>AOA</StUF:entiteittype>
		</BG:stuurgegevens>
		<BG:parameters>
			<StUF:mutatiesoort>T</StUF:mutatiesoort>
			<StUF:indicatorOvername>V</StUF:indicatorOvername>
		</BG:parameters>
		<BG:object StUF:entiteittype="AOA" StUF:verwerkingssoort="T">
			<BG:identificatie>5700030000072500</BG:identificatie>
			<BG:authentiek StUF:metagegeven="true">J</BG:authentiek>
			<BG:typering>Nummeraanduiding</BG:typering>
			<BG:wpl.identificatie>0800</BG:wpl.identificatie>
			<BG:wpl.woonplaatsNaam>Het Nieuwe Dorp</BG:wpl.woonplaatsNaam>
			<BG:wpl.woonplaatsNaamNen/>
			<BG:opr.identificatie>5700300000000103</BG:opr.identificatie>
			<BG:gor.openbareRuimteNaam>Paardenbloemlaan</BG:gor.openbareRuimteNaam>
			<BG:huisnummer>16</BG:huisnummer>
			<BG:huisletter>A</BG:huisletter>
			<BG:huisnummertoevoeging/>
			<BG:postcode>1954ML</BG:postcode>
			<BG:gor.straatnaam/>
			<BG:woonplaatsWaarinGelegen>
				<BG:wpl.identificatie>0800</BG:wpl.identificatie>
				<BG:wpl.woonplaatsNaam>Het Dorp</BG:wpl.woonplaatsNaam>
			</BG:woonplaatsWaarinGelegen>
			<BG:num.indicatieHoofdadres>false</BG:num.indicatieHoofdadres>
			<BG:num.status>Naamgeving uitgegeven</BG:num.status>
			<BG:num.geconstateerd>J</BG:num.geconstateerd>
			<BG:inOnderzoek StUF:metagegeven="true">J</BG:inOnderzoek>
			<BG:bronDocument StUF:metagegeven="true" groepsnaam="BRA-gegevens">
				<BG:identificatie>5700030000072500</BG:identificatie>
				<BG:datum>19680609</BG:datum>
			</BG:bronDocument>
			<BG:ingangsdatumObject>20040815</BG:ingangsdatumObject>
			<BG:einddatumObject>20080509</BG:einddatumObject>
			<StUF:tijdvakGeldigheid>
				<StUF:beginGeldigheid>20060331</StUF:beginGeldigheid>
				<StUF:eindGeldigheid StUF:noValue="geenWaarde" xsi:nil="true"/>
			</StUF:tijdvakGeldigheid>
			<StUF:tijdstipRegistratie>20111116113318</StUF:tijdstipRegistratie>
			<StUF:extraElementen>
				<StUF:extraElement naam="begindatumTijdvakGeldigheidBAG">20060331</StUF:extraElement>
			</StUF:extraElementen>
		</BG:object>
	</BG:aoaLk01-toevoegen>
</BG:bgrSSVSPLITS_Lk03>
