<BG:bgrVOCDEEL_Lk03 xmlns:StUF="http://www.egem.nl/StUF/StUF0301" xmlns:xlink="http://www.w3.org/1999/xlink" xmlns:xsi="http://www.w3.org/2001/XMLSchema-instance" xmlns:BG="http://www.egem.nl/StUF/sector/bg/0310" xmlns:gml="http://www.opengis.net/gml">
	<BG:stuurgegevens>
		<StUF:berichtcode>Lk03</StUF:berichtcode>
		<StUF:zender>
			<StUF:organisatie>5700</StUF:organisatie>
			<StUF:applicatie>UDS BAG</StUF:applicatie>
			<StUF:administratie>prod</StUF:administratie>
			<StUF:gebruiker/>
		</StUF:zender>
		<StUF:ontvanger>
			<StUF:organisatie>5700</StUF:organisatie>
			<StUF:applicatie>GT-WOZ</StUF:applicatie>
			<StUF:administratie>prod</StUF:administratie>
			<StUF:gebruiker/>
		</StUF:ontvanger>
		<StUF:referentienummer>00ktA6SmEspE</StUF:referentienummer>
		<StUF:tijdstipBericht>20120611155728016</StUF:tijdstipBericht>
		<StUF:functie>bgrVOCDEEL</StUF:functie>
	</BG:stuurgegevens>
	<BG:pndLk01>
		<BG:stuurgegevens>
			<StUF:berichtcode>Lk01</StUF:berichtcode>
			<StUF:zender>
				<StUF:organisatie>5700</StUF:organisatie>
				<StUF:applicatie>UDS BAG</StUF:applicatie>
				<StUF:administratie>prod</StUF:administratie>
				<StUF:gebruiker/>
			</StUF:zender>
			<StUF:ontvanger>
				<StUF:organisatie>5700</StUF:organisatie>
				<StUF:applicatie>GT-WOZ</StUF:applicatie>
				<StUF:administratie>prod</StUF:administratie>
				<StUF:gebruiker/>
			</StUF:ontvanger>
			<StUF:referentienummer>00ktA6SpXR4E</StUF:referentienummer>
			<StUF:tijdstipBericht>20120611155607091</StUF:tijdstipBericht>
			<StUF:entiteittype>PND</StUF:entiteittype>
		</BG:stuurgegevens>
		<BG:parameters>
			<StUF:mutatiesoort>W</StUF:mutatiesoort>
			<StUF:indicatorOvername>V</StUF:indicatorOvername>
		</BG:parameters>
		<BG:object StUF:verwerkingssoort="W" StUF:entiteittype="PND">
			<BG:identificatie>5700030000072100</BG:identificatie>
			<BG:authentiek StUF:metagegeven="true">J</BG:authentiek>
			<BG:geometrie/>
			<BG:inwinningswijzeGeometrieBovenaanzicht>niet bekend</BG:inwinningswijzeGeometrieBovenaanzicht>
			<BG:geometrieOpMaaiveld/>
			<BG:inwinningswijzeGeometrieMaaiveld>niet bekend</BG:inwinningswijzeGeometrieMaaiveld>
			<BG:oppervlakte>234</BG:oppervlakte>
			<BG:brutoInhoud>23</BG:brutoInhoud>
			<BG:laagsteBouwlaag>1</BG:laagsteBouwlaag>
			<BG:hoogsteBouwlaag>4</BG:hoogsteBouwlaag>
			<BG:relatieveHoogteligging>5</BG:relatieveHoogteligging>
			<BG:status>Bouwvergunning verleend</BG:status>
			<BG:statusVoortgangBouw>Vergunning aangevraagd</BG:statusVoortgangBouw>
			<BG:brondocument StUF:metagegeven="true" groepsnaam="BGR-gegevens">
				<BG:identificatie>5700200000012927</BG:identificatie>
				<BG:datum>20060925</BG:datum>
			</BG:brondocument>
			<StUF:tijdvakGeldigheid>
				<StUF:beginGeldigheid>20060331</StUF:beginGeldigheid>
				<StUF:eindGeldigheid>20060331</StUF:eindGeldigheid>
			</StUF:tijdvakGeldigheid>
			<StUF:extraElementen>
				<StUF:extraElement naam="begindatumTijdvakGeldigheidBAG">20060331</StUF:extraElement>
			</StUF:extraElementen>
		</BG:object>
		<BG:object StUF:verwerkingssoort="W" StUF:entiteittype="PND">
			<BG:identificatie>5700200000012533</BG:identificatie>
			<BG:authentiek StUF:metagegeven="true">J</BG:authentiek>
			<BG:geometrie/>
			<BG:inwinningswijzeGeometrieBovenaanzicht>niet bekend</BG:inwinningswijzeGeometrieBovenaanzicht>
			<BG:geometrieOpMaaiveld/>
			<BG:inwinningswijzeGeometrieMaaiveld>niet bekend</BG:inwinningswijzeGeometrieMaaiveld>
			<BG:oppervlakte>234</BG:oppervlakte>
			<BG:brutoInhoud>23</BG:brutoInhoud>
			<BG:laagsteBouwlaag>1</BG:laagsteBouwlaag>
			<BG:hoogsteBouwlaag>3</BG:hoogsteBouwlaag>
			<BG:relatieveHoogteligging>5</BG:relatieveHoogteligging>
			<BG:status>Bouwvergunning verleend</BG:status>
			<BG:statusVoortgangBouw>Vergunning aangevraagd</BG:statusVoortgangBouw>
			<BG:brondocument StUF:metagegeven="true" groepsnaam="BGR-gegevens">
				<BG:identificatie>5700300000001883</BG:identificatie>
				<BG:datum>20071130</BG:datum>
			</BG:brondocument>
			<StUF:tijdvakGeldigheid>
				<StUF:beginGeldigheid>20060331</StUF:beginGeldigheid>
				<StUF:eindGeldigheid StUF:noValue="geenWaarde" xsi:nil="true"/>
			</StUF:tijdvakGeldigheid>
			<StUF:extraElementen>
				<StUF:extraElement naam="begindatumTijdvakGeldigheidBAG">20060331</StUF:extraElement>
			</StUF:extraElementen>
		</BG:object>
	</BG:pndLk01>
</BG:bgrVOCDEEL_Lk03>
