<BG:braBOR_Lk03 xmlns:StUF="http://www.egem.nl/StUF/StUF0301" xmlns:xlink="http://www.w3.org/1999/xlink" xmlns:xsi="http://www.w3.org/2001/XMLSchema-instance" xmlns:BG="http://www.egem.nl/StUF/sector/bg/0310" xmlns:gml="http://www.opengis.net/gml">
	<BG:stuurgegevens>
		<StUF:berichtcode>Lk03</StUF:berichtcode>
		<StUF:zender>
			<StUF:organisatie>5700</StUF:organisatie>
			<StUF:applicatie>UDS BAG</StUF:applicatie>
			<StUF:administratie>prod</StUF:administratie>
			<StUF:gebruiker/>
		</StUF:zender>
		<StUF:ontvanger>
			<StUF:organisatie>5700</StUF:organisatie>
			<StUF:applicatie>GT-WOZ</StUF:applicatie>
			<StUF:administratie>prod</StUF:administratie>
			<StUF:gebruiker/>
		</StUF:ontvanger>
		<StUF:referentienummer>00ktA6SpP2mA</StUF:referentienummer>
		<StUF:tijdstipBericht>20120611155748119</StUF:tijdstipBericht>
		<StUF:functie>braBOR</StUF:functie>
	</BG:stuurgegevens>
	<BG:oprLk01>
		<BG:stuurgegevens>
			<StUF:berichtcode>Lk01</StUF:berichtcode>
			<StUF:zender>
				<StUF:organisatie>5700</StUF:organisatie>
				<StUF:applicatie>UDS BAG</StUF:applicatie>
				<StUF:administratie>prod</StUF:administratie>
				<StUF:gebruiker/>
			</StUF:zender>
			<StUF:ontvanger>
				<StUF:organisatie>5700</StUF:organisatie>
				<StUF:applicatie>UDS BAG</StUF:applicatie>
				<StUF:administratie>prod</StUF:administratie>
				<StUF:gebruiker/>
			</StUF:ontvanger>
			<StUF:referentienummer>00ktA6T5YUyL</StUF:referentienummer>
			<StUF:tijdstipBericht>20120611155634004</StUF:tijdstipBericht>
			<StUF:entiteittype>OPR</StUF:entiteittype>
		</BG:stuurgegevens>
		<BG:parameters>
			<StUF:mutatiesoort>T</StUF:mutatiesoort>
			<StUF:indicatorOvername>V</StUF:indicatorOvername>
		</BG:parameters>
		<BG:object StUF:verwerkingssoort="T" StUF:entiteittype="OPR">
			<BG:identificatie>5700010000236894</BG:identificatie>
			<BG:authentiek StUF:metagegeven="true">J</BG:authentiek>
			<BG:wpl.identificatie>0800</BG:wpl.identificatie>
			<BG:wpl.woonplaatsNaam>Het Dorp</BG:wpl.woonplaatsNaam>
			<BG:gor.identificatie>5700020000072600</BG:gor.identificatie>
			<BG:gor.openbareRuimteNaam>Hyacintenlaan</BG:gor.openbareRuimteNaam>
			<BG:gor.straatnaam/>
			<BG:huisnummerrangeOneven>1-99</BG:huisnummerrangeOneven>
			<BG:huisnummerrangeEven>2-18</BG:huisnummerrangeEven>
			<BG:huisnummerrangeEvenOneven>1-16</BG:huisnummerrangeEvenOneven>
			<BG:gor.geconstateerd>J</BG:gor.geconstateerd>
			<BG:gor.type>Weg</BG:gor.type>
			<BG:gor.status>Naamgeving uitgegeven</BG:gor.status>
			<BG:bronDocument StUF:metagegeven="true" groepsnaam="BRA-gegevens">
				<BG:identificatie>5700200000012352</BG:identificatie>
				<BG:datum>19800701</BG:datum>
			</BG:bronDocument>
			<BG:ingangsdatumObject>20051019</BG:ingangsdatumObject>
			<BG:einddatumObject>20060825</BG:einddatumObject>
			<StUF:tijdvakGeldigheid>
				<StUF:beginGeldigheid>20060331</StUF:beginGeldigheid>
				<StUF:eindGeldigheid StUF:noValue="geenWaarde" xsi:nil="true"/>
			</StUF:tijdvakGeldigheid>
			<StUF:tijdstipRegistratie>20111116140241</StUF:tijdstipRegistratie>
			<StUF:extraElementen>
				<StUF:extraElement naam="begindatumTijdvakGeldigheidBAG">20060331</StUF:extraElement>
			</StUF:extraElementen>
		</BG:object>
	</BG:oprLk01>
</BG:braBOR_Lk03>
