<BG:braGHO_Lk03 xmlns:StUF="http://www.egem.nl/StUF/StUF0301" xmlns:xlink="http://www.w3.org/1999/xlink" xmlns:xsi="http://www.w3.org/2001/XMLSchema-instance" xmlns:BG="http://www.egem.nl/StUF/sector/bg/0310" xmlns:gml="http://www.opengis.net/gml">
	<BG:stuurgegevens>
		<StUF:berichtcode>Lk03</StUF:berichtcode>
		<StUF:zender>
			<StUF:organisatie>5700</StUF:organisatie>
			<StUF:applicatie>GT-WOZ</StUF:applicatie>
			<StUF:administratie>prod</StUF:administratie>
			<StUF:gebruiker/>
		</StUF:zender>
		<StUF:ontvanger>
			<StUF:organisatie>5700</StUF:organisatie>
			<StUF:applicatie>GT-WOZ</StUF:applicatie>
			<StUF:administratie>prod</StUF:administratie>
			<StUF:gebruiker/>
		</StUF:ontvanger>
		<StUF:referentienummer>00ktA6SOIvFl</StUF:referentienummer>
		<StUF:tijdstipBericht>20120611155728116</StUF:tijdstipBericht>
		<StUF:functie>braGHO</StUF:functie>
	</BG:stuurgegevens>
	<BG:aoaLk01>
		<BG:stuurgegevens>
			<StUF:berichtcode>Lk01</StUF:berichtcode>
			<StUF:zender>
				<StUF:organisatie>5700</StUF:organisatie>
				<StUF:applicatie>GT-WOZ</StUF:applicatie>
				<StUF:administratie>prod</StUF:administratie>
				<StUF:gebruiker/>
			</StUF:zender>
			<StUF:ontvanger>
				<StUF:organisatie>5700</StUF:organisatie>
				<StUF:applicatie>GT-WOZ</StUF:applicatie>
				<StUF:administratie>prod</StUF:administratie>
				<StUF:gebruiker/>
			</StUF:ontvanger>
			<StUF:referentienummer>00ktA6SpTEvC</StUF:referentienummer>
			<StUF:tijdstipBericht>20120611155633904</StUF:tijdstipBericht>
			<StUF:entiteittype>AOA</StUF:entiteittype>
		</BG:stuurgegevens>
		<BG:parameters>
			<StUF:mutatiesoort>W</StUF:mutatiesoort>
			<StUF:indicatorOvername>V</StUF:indicatorOvername>
		</BG:parameters>
		<BG:object StUF:entiteittype="AOA" StUF:verwerkingssoort="W">
			<BG:identificatie>5700010000236896</BG:identificatie>
			<BG:authentiek StUF:metagegeven="true">J</BG:authentiek>
			<BG:typering>Nummeraanduiding</BG:typering>
			<BG:wpl.woonplaatsNaam>Het Nieuwe Dorp</BG:wpl.woonplaatsNaam>
			<BG:opr.identificatie>5700300000000096</BG:opr.identificatie>
			<BG:gor.openbareRuimteNaam>Narcissenlaan</BG:gor.openbareRuimteNaam>
			<BG:huisnummer>42</BG:huisnummer>
			<BG:huisletter>D</BG:huisletter>
			<BG:huisnummertoevoeging/>
			<BG:postcode>1954NC</BG:postcode>
			<BG:bronDocument StUF:metagegeven="true" groepsnaam="BRA-gegevens">
				<BG:identificatie>5700010000234806</BG:identificatie>
				<BG:datum>20050701</BG:datum>
			</BG:bronDocument>
			<StUF:tijdvakGeldigheid>
				<StUF:beginGeldigheid>20060331</StUF:beginGeldigheid>
				<StUF:eindGeldigheid>20060331</StUF:eindGeldigheid>
			</StUF:tijdvakGeldigheid>
			<StUF:extraElementen>
				<StUF:extraElement naam="begindatumTijdvakGeldigheidBAG">20060331</StUF:extraElement>
			</StUF:extraElementen>
		</BG:object>
		<BG:object StUF:entiteittype="AOA" StUF:verwerkingssoort="W">
			<BG:identificatie>5700200000012933</BG:identificatie>
			<BG:authentiek StUF:metagegeven="true">J</BG:authentiek>
			<BG:typering>Nummeraanduiding</BG:typering>
			<BG:wpl.woonplaatsNaam>Het Nieuwe Dorp</BG:wpl.woonplaatsNaam>
			<BG:opr.identificatie>5700300000001883</BG:opr.identificatie>
			<BG:gor.openbareRuimteNaam>Narcissenlaan</BG:gor.openbareRuimteNaam>
			<BG:huisnummer>16</BG:huisnummer>
			<BG:huisletter>B</BG:huisletter>
			<BG:huisnummertoevoeging/>
			<BG:postcode>1954RR</BG:postcode>
			<BG:bronDocument StUF:metagegeven="true" groepsnaam="BRA-gegevens">
				<BG:identificatie>5700200000012500</BG:identificatie>
				<BG:datum>20060825</BG:datum>
			</BG:bronDocument>
			<StUF:tijdvakGeldigheid>
				<StUF:beginGeldigheid>20060331</StUF:beginGeldigheid>
				<StUF:eindGeldigheid StUF:noValue="geenWaarde" xsi:nil="true"/>
			</StUF:tijdvakGeldigheid>
			<StUF:extraElementen>
				<StUF:extraElement naam="begindatumTijdvakGeldigheidBAG">20060331</StUF:extraElement>
			</StUF:extraElementen>
		</BG:object>
	</BG:aoaLk01>
</BG:braGHO_Lk03>
