<BG:braHNU_Lk03 xmlns:StUF="http://www.egem.nl/StUF/StUF0301" xmlns:xlink="http://www.w3.org/1999/xlink" xmlns:xsi="http://www.w3.org/2001/XMLSchema-instance" xmlns:BG="http://www.egem.nl/StUF/sector/bg/0310" xmlns:gml="http://www.opengis.net/gml">
	<BG:stuurgegevens>
		<StUF:berichtcode>Lk03</StUF:berichtcode>
		<StUF:zender>
			<StUF:organisatie>5700</StUF:organisatie>
			<StUF:applicatie>UDS BAG</StUF:applicatie>
			<StUF:administratie>prod</StUF:administratie>
			<StUF:gebruiker/>
		</StUF:zender>
		<StUF:ontvanger>
			<StUF:organisatie>5700</StUF:organisatie>
			<StUF:applicatie>GT-WOZ</StUF:applicatie>
			<StUF:administratie>prod</StUF:administratie>
			<StUF:gebruiker/>
		</StUF:ontvanger>
		<StUF:referentienummer>00ktA6T9kfhS</StUF:referentienummer>
		<StUF:tijdstipBericht>20120611155700243</StUF:tijdstipBericht>
		<StUF:functie>braHNU</StUF:functie>
	</BG:stuurgegevens>
	<BG:aoaLk01>
		<BG:stuurgegevens>
			<StUF:berichtcode>Lk01</StUF:berichtcode>
			<StUF:zender>
				<StUF:organisatie>5700</StUF:organisatie>
				<StUF:applicatie>GT-WOZ</StUF:applicatie>
				<StUF:administratie>prod</StUF:administratie>
				<StUF:gebruiker/>
			</StUF:zender>
			<StUF:ontvanger>
				<StUF:organisatie>5700</StUF:organisatie>
				<StUF:applicatie>GT-WOZ</StUF:applicatie>
				<StUF:administratie>prod</StUF:administratie>
				<StUF:gebruiker/>
			</StUF:ontvanger>
			<StUF:referentienummer>00ktA6SgH1XX</StUF:referentienummer>
			<StUF:tijdstipBericht>20120611155602610</StUF:tijdstipBericht>
			<StUF:entiteittype>AOA</StUF:entiteittype>
		</BG:stuurgegevens>
		<BG:parameters>
			<StUF:mutatiesoort>W</StUF:mutatiesoort>
			<StUF:indicatorOvername>V</StUF:indicatorOvername>
		</BG:parameters>
		<BG:object StUF:entiteittype="AOA" StUF:verwerkingssoort="W">
			<BG:identificatie>5700010000234799</BG:identificatie>
			<BG:authentiek StUF:metagegeven="true">J</BG:authentiek>
			<BG:typering>Nummeraanduiding</BG:typering>
			<BG:wpl.woonplaatsNaam>Het Dorp</BG:wpl.woonplaatsNaam>
			<BG:gor.openbareRuimteNaam>Hyacintenlaan</BG:gor.openbareRuimteNaam>
			<BG:huisnummer>120</BG:huisnummer>
			<BG:huisletter>D</BG:huisletter>
			<BG:huisnummertoevoeging/>
			<BG:postcode>1954NC</BG:postcode>
			<BG:bronDocument StUF:metagegeven="true" groepsnaam="BRA-gegevens">
				<BG:identificatie>5700010000236893</BG:identificatie>
				<BG:datum>20060212</BG:datum>
			</BG:bronDocument>
			<StUF:tijdvakGeldigheid>
				<StUF:beginGeldigheid>20060331</StUF:beginGeldigheid>
				<StUF:eindGeldigheid>20060331</StUF:eindGeldigheid>
			</StUF:tijdvakGeldigheid>
			<StUF:extraElementen>
				<StUF:extraElement naam="begindatumTijdvakGeldigheidBAG">20060331</StUF:extraElement>
			</StUF:extraElementen>
		</BG:object>
		<BG:object StUF:entiteittype="AOA" StUF:verwerkingssoort="W">
			<BG:identificatie>5700100000000415</BG:identificatie>
			<BG:authentiek StUF:metagegeven="true">J</BG:authentiek>
			<BG:typering>Nummeraanduiding</BG:typering>
			<BG:wpl.woonplaatsNaam>Het Nieuwe Dorp</BG:wpl.woonplaatsNaam>
			<BG:gor.openbareRuimteNaam>Crocussenlaan</BG:gor.openbareRuimteNaam>
			<BG:huisnummer>102</BG:huisnummer>
			<BG:huisletter>B</BG:huisletter>
			<BG:huisnummertoevoeging/>
			<BG:postcode>1954AH</BG:postcode>
			<BG:bronDocument StUF:metagegeven="true" groepsnaam="BRA-gegevens">
				<BG:identificatie>5700020000072600</BG:identificatie>
				<BG:datum>20060925</BG:datum>
			</BG:bronDocument>
			<StUF:tijdvakGeldigheid>
				<StUF:beginGeldigheid>20060331</StUF:beginGeldigheid>
				<StUF:eindGeldigheid StUF:noValue="geenWaarde" xsi:nil="true"/>
			</StUF:tijdvakGeldigheid>
			<StUF:extraElementen>
				<StUF:extraElement naam="begindatumTijdvakGeldigheidBAG">20060331</StUF:extraElement>
			</StUF:extraElementen>
		</BG:object>
	</BG:aoaLk01>
</BG:braHNU_Lk03>
