<BG:braIWP_Lk03 xmlns:StUF="http://www.egem.nl/StUF/StUF0301" xmlns:xlink="http://www.w3.org/1999/xlink" xmlns:xsi="http://www.w3.org/2001/XMLSchema-instance" xmlns:BG="http://www.egem.nl/StUF/sector/bg/0310" xmlns:gml="http://www.opengis.net/gml">
	<BG:stuurgegevens>
		<StUF:berichtcode>Lk03</StUF:berichtcode>
		<StUF:zender>
			<StUF:organisatie>5700</StUF:organisatie>
			<StUF:applicatie>UDS BAG</StUF:applicatie>
			<StUF:administratie>prod</StUF:administratie>
			<StUF:gebruiker/>
		</StUF:zender>
		<StUF:ontvanger>
			<StUF:organisatie>5700</StUF:organisatie>
			<StUF:applicatie>GT-WOZ</StUF:applicatie>
			<StUF:administratie>prod</StUF:administratie>
			<StUF:gebruiker/>
		</StUF:ontvanger>
		<StUF:referentienummer>00ktA6TFT41h</StUF:referentienummer>
		<StUF:tijdstipBericht>20120611155748219</StUF:tijdstipBericht>
		<StUF:functie>braIWP</StUF:functie>
	</BG:stuurgegevens>
	<BG:wplLk01>
		<BG:stuurgegevens>
			<StUF:berichtcode>Lk01</StUF:berichtcode>
			<StUF:zender>
				<StUF:organisatie>5700</StUF:organisatie>
				<StUF:applicatie>GT-WOZ</StUF:applicatie>
				<StUF:administratie>prod</StUF:administratie>
				<StUF:gebruiker/>
			</StUF:zender>
			<StUF:ontvanger>
				<StUF:organisatie>5700</StUF:organisatie>
				<StUF:applicatie>GT-WOZ</StUF:applicatie>
				<StUF:administratie>prod</StUF:administratie>
				<StUF:gebruiker/>
			</StUF:ontvanger>
			<StUF:referentienummer>00ktA6SvfPo0</StUF:referentienummer>
			<StUF:tijdstipBericht>20120611155739373</StUF:tijdstipBericht>
			<StUF:entiteittype>WPL</StUF:entiteittype>
		</BG:stuurgegevens>
		<BG:parameters>
			<StUF:mutatiesoort>W</StUF:mutatiesoort>
			<StUF:indicatorOvername>V</StUF:indicatorOvername>
		</BG:parameters>
		<BG:object StUF:verwerkingssoort="W" StUF:entiteittype="WPL">
			<BG:identificatie>0800</BG:identificatie>
			<BG:authentiek StUF:metagegeven="true">J</BG:authentiek>
			<BG:woonplaatsNaam>Het Dorp</BG:woonplaatsNaam>
			<BG:status>Woonplaats aangewezen</BG:status>
			<BG:brondocument StUF:metagegeven="true" groepsnaam="BRA-gegevens">
				<BG:identificatie>0800</BG:identificatie>
				<BG:datum>20060125</BG:datum>
			</BG:brondocument>
			<BG:einddatumObject>20080509</BG:einddatumObject>
			<StUF:tijdvakGeldigheid>
				<StUF:beginGeldigheid>20060331</StUF:beginGeldigheid>
				<StUF:eindGeldigheid>20060331</StUF:eindGeldigheid>
			</StUF:tijdvakGeldigheid>
			<StUF:extraElementen>
				<StUF:extraElement naam="begindatumTijdvakGeldigheidBAG">20060331</StUF:extraElement>
			</StUF:extraElementen>
		</BG:object>
		<BG:object StUF:verwerkingssoort="W" StUF:entiteittype="WPL">
			<BG:identificatie>0800</BG:identificatie>
			<BG:authentiek StUF:metagegeven="true">J</BG:authentiek>
			<BG:woonplaatsNaam>Het Dorp</BG:woonplaatsNaam>
			<BG:status>Woonplaats aangewezen</BG:status>
			<BG:brondocument StUF:metagegeven="true" groepsnaam="BRA-gegevens">
				<BG:identificatie>0800</BG:identificatie>
				<BG:datum>20110701</BG:datum>
			</BG:brondocument>
			<BG:einddatumObject>20080509</BG:einddatumObject>
			<StUF:tijdvakGeldigheid>
				<StUF:beginGeldigheid>20060331</StUF:beginGeldigheid>
				<StUF:eindGeldigheid StUF:noValue="geenWaarde" xsi:nil="true"/>
			</StUF:tijdvakGeldigheid>
			<StUF:extraElementen>
				<StUF:extraElement naam="begindatumTijdvakGeldigheidBAG">20060331</StUF:extraElement>
			</StUF:extraElementen>
		</BG:object>
	</BG:wplLk01>
</BG:braIWP_Lk03>
