<BG:braOPC_Lk03 xmlns:StUF="http://www.egem.nl/StUF/StUF0301" xmlns:xlink="http://www.w3.org/1999/xlink" xmlns:xsi="http://www.w3.org/2001/XMLSchema-instance" xmlns:BG="http://www.egem.nl/StUF/sector/bg/0310" xmlns:gml="http://www.opengis.net/gml">
	<BG:stuurgegevens>
		<StUF:berichtcode>Lk03</StUF:berichtcode>
		<StUF:zender>
			<StUF:organisatie>5700</StUF:organisatie>
			<StUF:applicatie>UDS BAG</StUF:applicatie>
			<StUF:administratie>prod</StUF:administratie>
			<StUF:gebruiker/>
		</StUF:zender>
		<StUF:ontvanger>
			<StUF:organisatie>5700</StUF:organisatie>
			<StUF:applicatie>GT-WOZ</StUF:applicatie>
			<StUF:administratie>prod</StUF:administratie>
			<StUF:gebruiker/>
		</StUF:ontvanger>
		<StUF:referentienummer>00ktA6Sz7LR4</StUF:referentienummer>
		<StUF:tijdstipBericht>20120611155633704</StUF:tijdstipBericht>
		<StUF:functie>braOPC</StUF:functie>
	</BG:stuurgegevens>
	<BG:aoaLk01>
		<BG:stuurgegevens>
			<StUF:berichtcode>Lk01</StUF:berichtcode>
			<StUF:zender>
				<StUF:organisatie>5700</StUF:organisatie>
				<StUF:applicatie>UDS BAG</StUF:applicatie>
				<StUF:administratie>prod</StUF:administratie>
				<StUF:gebruiker/>
			</StUF:zender>
			<StUF:ontvanger>
				<StUF:organisatie>5700</StUF:organisatie>
				<StUF:applicatie>UDS BAG</StUF:applicatie>
				<StUF:administratie>prod</StUF:administratie>
				<StUF:gebruiker/>
			</StUF:ontvanger>
			<StUF:referentienummer>00ktA6T8c4nt</StUF:referentienummer>
			<StUF:tijdstipBericht>20120611155723059</StUF:tijdstipBericht>
			<StUF:entiteittype>AOA</StUF:entiteittype>
		</BG:stuurgegevens>
		<BG:parameters>
			<StUF:mutatiesoort>W</StUF:mutatiesoort>
			<StUF:indicatorOvername>V</StUF:indicatorOvername>
		</BG:parameters>
		<BG:object StUF:entiteittype="AOA" StUF:verwerkingssoort="W">
			<BG:identificatie>5700100000000418</BG:identificatie>
			<BG:authentiek StUF:metagegeven="true">J</BG:authentiek>
			<BG:typering>Nummeraanduiding</BG:typering>
			<BG:wpl.woonplaatsNaam>Het Nieuwe Dorp</BG:wpl.woonplaatsNaam>
			<BG:gor.openbareRuimteNaam>Steegje</BG:gor.openbareRuimteNaam>
			<BG:huisnummer>2</BG:huisnummer>
			<BG:huisletter>D</BG:huisletter>
			<BG:huisnummertoevoeging/>
			<BG:postcode>1954NC</BG:postcode>
			<BG:bronDocument StUF:metagegeven="true" groepsnaam="BRA-gegevens">
				<BG:identificatie>5700200000012349</BG:identificatie>
				<BG:datum>20060212</BG:datum>
			</BG:bronDocument>
			<StUF:tijdvakGeldigheid>
				<StUF:beginGeldigheid>20060331</StUF:beginGeldigheid>
				<StUF:eindGeldigheid>20060331</StUF:eindGeldigheid>
			</StUF:tijdvakGeldigheid>
			<StUF:extraElementen>
				<StUF:extraElement naam="codeGebeurtenis">BAG-BN</StUF:extraElement>
				<StUF:extraElement naam="begindatumTijdvakGeldigheidBAG">20060331</StUF:extraElement>
				<StUF:extraElement StUF:noValue="geenWaarde" naam="eindatumTijdvakGeldigheidBAG"/>
			</StUF:extraElementen>
		</BG:object>
		<BG:object StUF:entiteittype="AOA" StUF:verwerkingssoort="W">
			<BG:identificatie>5700100000000441</BG:identificatie>
			<BG:authentiek StUF:metagegeven="true">J</BG:authentiek>
			<BG:typering>Nummeraanduiding</BG:typering>
			<BG:wpl.woonplaatsNaam>Het Nieuwe Dorp</BG:wpl.woonplaatsNaam>
			<BG:gor.openbareRuimteNaam>Narcissenlaan</BG:gor.openbareRuimteNaam>
			<BG:huisnummer>3</BG:huisnummer>
			<BG:huisletter>D</BG:huisletter>
			<BG:huisnummertoevoeging/>
			<BG:postcode>1954LT</BG:postcode>
			<BG:bronDocument StUF:metagegeven="true" groepsnaam="BRA-gegevens">
				<BG:identificatie>5700200000012934</BG:identificatie>
				<BG:datum>20060402</BG:datum>
			</BG:bronDocument>
			<StUF:tijdvakGeldigheid>
				<StUF:beginGeldigheid>20060331</StUF:beginGeldigheid>
				<StUF:eindGeldigheid StUF:noValue="geenWaarde" xsi:nil="true"/>
			</StUF:tijdvakGeldigheid>
			<StUF:extraElementen>
				<StUF:extraElement naam="codeGebeurtenis">BAG-BN</StUF:extraElement>
				<StUF:extraElement naam="begindatumTijdvakGeldigheidBAG">20060331</StUF:extraElement>
				<StUF:extraElement StUF:noValue="geenWaarde" naam="eindatumTijdvakGeldigheidBAG"/>
			</StUF:extraElementen>
		</BG:object>
	</BG:aoaLk01>
	<BG:ligStaLk01>
		<BG:stuurgegevens>
			<StUF:berichtcode>Lk01</StUF:berichtcode>
			<StUF:zender>
				<StUF:organisatie>5700</StUF:organisatie>
				<StUF:applicatie>UDS BAG</StUF:applicatie>
				<StUF:administratie>prod</StUF:administratie>
				<StUF:gebruiker/>
			</StUF:zender>
			<StUF:ontvanger>
				<StUF:organisatie>5700</StUF:organisatie>
				<StUF:applicatie>GT-WOZ</StUF:applicatie>
				<StUF:administratie>prod</StUF:administratie>
				<StUF:gebruiker/>
			</StUF:ontvanger>
			<StUF:referentienummer>00ktA6S2bWx7</StUF:referentienummer>
			<StUF:tijdstipBericht>20120611155752672</StUF:tijdstipBericht>
			<StUF:entiteittype>TGO</StUF:entiteittype>
		</BG:stuurgegevens>
		<BG:parameters>
			<StUF:mutatiesoort>W</StUF:mutatiesoort>
			<StUF:indicatorOvername>V</StUF:indicatorOvername>
		</BG:parameters>
		<BG:object StUF:entiteittype="TGO" StUF:verwerkingssoort="W">
			<BG:identificatie>5700100000000411</BG:identificatie>
			<BG:authentiek StUF:metagegeven="true">J</BG:authentiek>
			<BG:typering>Ligplaats</BG:typering>
			<BG:adresAanduidingGrp>
				<BG:num.identificatie>5700200000012934</BG:num.identificatie>
				<BG:authentiek StUF:metagegeven="true">J</BG:authentiek>
				<BG:wpl.identificatie>0800</BG:wpl.identificatie>
				<BG:wpl.woonplaatsNaam>Het Nieuwe Dorp</BG:wpl.woonplaatsNaam>
				<BG:aoa.woonplaatsWaarinGelegen>
					<BG:wpl.identificatie>0800</BG:wpl.identificatie>
					<BG:wpl.woonplaatsNaam>Het Nieuwe Dorp</BG:wpl.woonplaatsNaam>
				</BG:aoa.woonplaatsWaarinGelegen>
				<BG:gor.identificatie>5700100000000417</BG:gor.identificatie>
				<BG:opr.identificatie>5700300000000096</BG:opr.identificatie>
				<BG:gor.openbareRuimteNaam>Crocussenlaan</BG:gor.openbareRuimteNaam>
				<BG:gor.straatnaam/>
				<BG:aoa.postcode>1954RR</BG:aoa.postcode>
				<BG:aoa.huisnummer>2</BG:aoa.huisnummer>
				<BG:aoa.huisletter>A</BG:aoa.huisletter>
				<BG:aoa.huisnummertoevoeging/>
				<BG:ogo.locatieAanduiding/>
			</BG:adresAanduidingGrp>
			<BG:brondocument StUF:metagegeven="true" groepsnaam="BGR-gegevens">
				<BG:identificatie>5700010000236897</BG:identificatie>
				<BG:datum>19800608</BG:datum>
			</BG:brondocument>
			<StUF:tijdvakGeldigheid>
				<StUF:beginGeldigheid>20060331</StUF:beginGeldigheid>
				<StUF:eindGeldigheid>20060331</StUF:eindGeldigheid>
			</StUF:tijdvakGeldigheid>
			<StUF:extraElementen>
				<StUF:extraElement naam="codeGebeurtenis">BAG-BN</StUF:extraElement>
				<StUF:extraElement naam="begindatumTijdvakGeldigheidBAG">20060331</StUF:extraElement>
				<StUF:extraElement StUF:noValue="geenWaarde" naam="eindatumTijdvakGeldigheidBAG"/>
			</StUF:extraElementen>
		</BG:object>
		<BG:object StUF:entiteittype="TGO" StUF:verwerkingssoort="W">
			<BG:identificatie>5700200000012533</BG:identificatie>
			<BG:authentiek StUF:metagegeven="true">J</BG:authentiek>
			<BG:typering>Ligplaats</BG:typering>
			<BG:adresAanduidingGrp>
				<BG:num.identificatie>5700200000012533</BG:num.identificatie>
				<BG:authentiek StUF:metagegeven="true">J</BG:authentiek>
				<BG:wpl.identificatie>0800</BG:wpl.identificatie>
				<BG:wpl.woonplaatsNaam>Het Dorp</BG:wpl.woonplaatsNaam>
				<BG:aoa.woonplaatsWaarinGelegen>
					<BG:wpl.identificatie>0800</BG:wpl.identificatie>
					<BG:wpl.woonplaatsNaam>Het Dorp</BG:wpl.woonplaatsNaam>
				</BG:aoa.woonplaatsWaarinGelegen>
				<BG:gor.identificatie>5700010000234799</BG:gor.identificatie>
				<BG:opr.identificatie>5700300000000095</BG:opr.identificatie>
				<BG:gor.openbareRuimteNaam>Crocussenlaan</BG:gor.openbareRuimteNaam>
				<BG:gor.straatnaam/>
				<BG:aoa.postcode>1954LT</BG:aoa.postcode>
				<BG:aoa.huisnummer>24</BG:aoa.huisnummer>
				<BG:aoa.huisletter>D</BG:aoa.huisletter>
				<BG:aoa.huisnummertoevoeging/>
				<BG:ogo.locatieAanduiding/>
			</BG:adresAanduidingGrp>
			<BG:brondocument StUF:metagegeven="true" groepsnaam="BGR-gegevens">
				<BG:identificatie>5700100000000418</BG:identificatie>
				<BG:datum>20060131</BG:datum>
			</BG:brondocument>
			<StUF:tijdvakGeldigheid>
				<StUF:beginGeldigheid>20060331</StUF:beginGeldigheid>
				<StUF:eindGeldigheid StUF:noValue="geenWaarde" xsi:nil="true"/>
			</StUF:tijdvakGeldigheid>
			<StUF:extraElementen>
				<StUF:extraElement naam="codeGebeurtenis">BAG-BN</StUF:extraElement>
				<StUF:extraElement naam="begindatumTijdvakGeldigheidBAG">20060331</StUF:extraElement>
				<StUF:extraElement StUF:noValue="geenWaarde" naam="eindatumTijdvakGeldigheidBAG"/>
			</StUF:extraElementen>
		</BG:object>
	</BG:ligStaLk01>
</BG:braOPC_Lk03>
